{"model": "elastic_net_predictor", "final_score": 8655.120002377957, "std_abs_err": 40.39759315760613}
{"model": "lgbm_predictor_depth_3_lr_005_iter_100_customers_100", "final_score": 1332.5446646434266, "std_abs_err": 10.142847447494558}
{"model": "ols_time_predictor", "final_score": 1067.4501519718776, "std_abs_err": 10.504065180861657}
{"model": "lgbm_time_predictor", "final_score": 1350.630877824459, "std_abs_err": 10.019508329510264}
